tagID,datetime,event
1621,2017-06-21 08:00:11.200,entering
1621,2017-06-21 08:10:34.750,exiting
1621,2017-06-21 08:24:48.450,entering
1621,2017-06-21 08:51:24.050,entering
1621,2017-06-21 08:55:48.600,exiting
1621,2017-06-21 09:12:42.900,entering
1621,2017-06-21 09:27:15.500,exiting
1621,2017-06-21 10:03:15.200,entering
1621,2017-06-21 10:48:35.350,exiting
1621,2017-06-21 11:35:05.900,entering
1621,2017-06-21 11:43:25.400,exiting
1621,2017-06-21 12:41:53.000,entering
1621,2017-06-21 16:19:17.500,entering
1621,2017-06-21 16:31:36.150,exiting
1621,2017-06-21 16:36:13.250,entering
1621,2017-06-21 16:39:27.600,entering
1621,2017-06-21 17:29:39.250,entering
1621,2017-06-22 08:26:06.550,entering
1621,2017-06-22 08:51:50.100,exiting
1621,2017-06-22 09:18:43.950,entering
1621,2017-06-22 09:24:49.000,exiting
1621,2017-06-22 10:28:34.200,entering
1621,2017-06-22 10:39:19.250,exiting
1621,2017-06-22 11:35:35.750,entering
1621,2017-06-22 13:09:23.200,entering
1621,2017-06-22 15:05:13.300,entering
1621,2017-06-22 16:14:45.800,entering
1621,2017-06-22 17:41:40.000,entering
1621,2017-06-23 08:07:01.100,entering
1621,2017-06-23 08:19:07.400,exiting
1621,2017-06-23 08:19:33.650,entering
1621,2017-06-23 09:05:20.650,exiting
1621,2017-06-23 09:34:12.400,entering
1621,2017-06-23 09:37:41.950,exiting
1621,2017-06-23 10:08:18.050,entering
1621,2017-06-23 11:06:36.700,entering
1621,2017-06-23 11:27:24.150,exiting
1621,2017-06-23 11:55:11.800,entering
1621,2017-06-23 16:33:43.100,entering
1621,2017-06-23 16:47:44.100,entering
1621,2017-06-23 17:56:16.750,exiting
1621,2017-06-24 08:49:28.300,entering
1621,2017-06-24 08:52:44.300,exiting
1621,2017-06-24 09:56:44.200,entering
1621,2017-06-24 10:01:37.000,exiting
1621,2017-06-24 10:28:07.900,entering
1621,2017-06-24 11:23:49.550,entering
1621,2017-06-24 11:54:31.900,entering
1621,2017-06-24 13:12:28.650,entering
1621,2017-06-24 14:16:46.050,entering
1621,2017-06-24 15:02:10.200,entering
1621,2017-06-24 15:45:43.600,entering
1621,2017-06-24 17:09:21.650,exiting
1621,2017-06-25 08:00:47.750,entering
1621,2017-06-25 08:26:29.800,exiting
1621,2017-06-25 09:22:36.950,entering
1621,2017-06-25 10:05:44.000,entering
1621,2017-06-25 10:06:28.050,exiting
1621,2017-06-25 10:08:18.300,exiting
1621,2017-06-25 10:30:00.000,entering
1621,2017-06-25 11:55:52.800,exiting
1621,2017-06-25 12:34:13.800,entering
1621,2017-06-25 12:43:15.300,exiting
1621,2017-06-25 13:30:46.000,entering
1621,2017-06-25 14:06:36.850,exiting
1621,2017-06-25 15:15:13.150,entering
1621,2017-06-25 16:15:40.500,exiting
1621,2017-06-25 17:59:38.950,exiting
1621,2017-06-26 10:37:28.150,exiting
1621,2017-06-26 12:34:21.000,entering
1621,2017-06-26 12:39:09.250,exiting
1621,2017-06-26 13:48:21.250,entering
516,2017-06-21 08:02:20.800,exiting
516,2017-06-21 08:03:33.100,entering
516,2017-06-21 17:54:30.200,entering
516,2017-06-21 17:54:53.200,entering
516,2017-06-22 10:51:30.450,entering
516,2017-06-22 11:01:36.200,entering
516,2017-06-22 14:00:13.450,entering
516,2017-06-22 15:22:20.050,exiting
516,2017-06-22 15:23:39.500,entering
516,2017-06-23 11:24:32.850,exiting
516,2017-06-23 11:26:31.150,entering
516,2017-06-23 16:49:04.550,exiting
516,2017-06-23 16:50:00.250,entering
516,2017-06-24 08:59:29.200,entering
516,2017-06-24 14:23:20.700,entering
516,2017-06-24 15:49:56.800,exiting
516,2017-06-24 15:50:24.050,entering
516,2017-06-25 09:29:16.250,entering
516,2017-06-25 10:31:11.750,unknown
516,2017-06-25 11:09:22.300,exiting
516,2017-06-25 11:09:56.550,entering
516,2017-06-26 14:45:52.350,exiting
516,2017-06-26 14:46:52.350,entering
516,2017-06-27 09:42:57.200,entering
516,2017-06-27 09:47:37.600,entering
516,2017-06-27 09:49:31.400,entering
516,2017-06-27 13:12:25.000,entering
516,2017-06-27 15:51:42.550,unknown
516,2017-06-27 16:01:07.100,exiting
516,2017-06-27 16:01:55.200,entering
516,2017-06-28 09:59:37.000,entering
516,2017-06-28 15:03:41.400,exiting
516,2017-06-28 15:04:17.000,entering
677,2017-06-21 08:07:24.700,entering
677,2017-06-21 08:09:45.300,exiting
677,2017-06-21 08:43:01.400,entering
677,2017-06-21 08:45:32.800,exiting
677,2017-06-21 09:40:17.750,entering
677,2017-06-21 09:57:20.350,exiting
677,2017-06-21 12:03:43.400,entering
677,2017-06-21 14:41:23.350,entering
638,2017-06-21 08:07:52.750,entering
638,2017-06-21 08:20:22.350,exiting
638,2017-06-21 08:52:52.000,entering
638,2017-06-21 08:59:00.150,exiting
638,2017-06-21 09:17:19.250,entering
638,2017-06-21 09:22:22.250,exiting
638,2017-06-21 09:41:30.300,entering
638,2017-06-21 09:47:46.600,exiting
638,2017-06-21 10:19:32.500,entering
638,2017-06-22 08:47:11.150,exiting
638,2017-06-22 09:13:32.900,entering
638,2017-06-22 09:18:23.850,exiting
638,2017-06-22 09:32:37.300,entering
638,2017-06-22 09:51:11.900,entering
638,2017-06-22 09:56:04.450,exiting
638,2017-06-22 10:13:58.050,entering
638,2017-06-22 10:18:49.400,exiting
638,2017-06-22 10:53:35.800,entering
638,2017-06-23 09:38:34.750,exiting
638,2017-06-23 09:50:19.050,entering
638,2017-06-23 09:55:21.950,exiting
638,2017-06-23 10:11:40.400,entering
638,2017-06-23 10:16:37.200,exiting
638,2017-06-23 10:51:54.550,entering
638,2017-06-23 11:03:16.550,exiting
638,2017-06-23 11:43:19.300,entering
638,2017-06-24 08:01:43.950,entering
638,2017-06-24 09:36:23.700,entering
638,2017-06-24 10:02:15.250,entering
638,2017-06-24 10:33:25.650,entering
638,2017-06-24 10:58:29.050,exiting
638,2017-06-24 11:44:13.150,entering
638,2017-06-24 16:49:11.500,entering
638,2017-06-24 16:50:33.500,exiting
638,2017-06-24 16:51:40.250,entering
638,2017-06-24 16:56:18.000,entering
638,2017-06-24 17:15:27.000,unknown
638,2017-06-24 17:15:46.900,entering
638,2017-06-25 09:04:25.300,entering
638,2017-06-26 09:19:53.000,exiting
638,2017-06-26 09:44:45.000,exiting
638,2017-06-26 09:58:41.600,entering
638,2017-06-26 10:07:50.950,exiting
638,2017-06-26 11:37:32.400,exiting
638,2017-06-26 11:51:39.850,entering
638,2017-06-26 16:10:45.750,exiting
638,2017-06-26 17:43:50.900,exiting
638,2017-06-27 08:56:54.200,entering
638,2017-06-27 09:13:17.600,entering
638,2017-06-27 09:20:05.800,exiting
638,2017-06-27 09:38:59.200,entering
638,2017-06-27 09:58:33.350,exiting
638,2017-06-27 10:23:08.050,entering
638,2017-06-28 08:16:09.200,exiting
197,2017-06-21 08:07:56.350,entering
197,2017-06-21 08:11:24.650,exiting
197,2017-06-21 08:28:03.950,entering
197,2017-06-21 08:37:01.800,exiting
197,2017-06-21 08:58:19.850,entering
197,2017-06-21 09:04:16.050,exiting
197,2017-06-21 10:43:30.400,exiting
197,2017-06-21 11:36:20.300,exiting
197,2017-06-21 13:11:00.100,entering
197,2017-06-21 17:35:50.650,entering
197,2017-06-22 08:00:44.000,exiting
197,2017-06-22 08:03:46.650,exiting
197,2017-06-22 08:23:38.000,exiting
197,2017-06-22 08:50:44.000,exiting
197,2017-06-22 09:28:32.950,exiting
197,2017-06-22 11:11:33.400,exiting
197,2017-06-22 12:07:43.000,exiting
197,2017-06-22 14:34:02.900,exiting
197,2017-06-22 16:13:55.600,exiting
197,2017-06-24 09:07:52.100,entering
197,2017-06-24 10:24:34.000,exiting
197,2017-06-24 15:44:37.400,exiting
1651,2017-06-21 08:09:03.400,entering
1651,2017-06-21 16:23:02.250,exiting
1651,2017-06-21 16:37:30.400,exiting
1651,2017-06-21 16:39:34.400,entering
1651,2017-06-21 16:57:45.800,exiting
1651,2017-06-21 17:08:19.800,unknown
1651,2017-06-21 17:11:02.650,entering
1651,2017-06-21 17:25:20.600,exiting
1651,2017-06-21 17:58:33.900,exiting
1651,2017-06-21 17:59:14.900,entering
1361,2017-06-21 08:09:09.650,exiting
1361,2017-06-21 08:32:43.300,entering
1361,2017-06-21 08:34:08.600,exiting
1361,2017-06-21 09:57:16.250,entering
1361,2017-06-21 09:59:46.450,entering
1361,2017-06-21 10:03:13.000,exiting
1361,2017-06-21 10:12:45.200,entering
1361,2017-06-21 10:17:17.800,exiting
1361,2017-06-21 12:40:03.950,entering
1361,2017-06-22 08:44:33.600,entering
1361,2017-06-22 10:18:02.200,entering
1361,2017-06-22 10:21:19.200,exiting
1361,2017-06-22 11:50:37.250,entering
1361,2017-06-23 08:41:02.600,exiting
1361,2017-06-23 10:41:12.800,entering
1361,2017-06-23 10:47:20.150,exiting
1361,2017-06-23 12:57:05.400,entering
1361,2017-06-23 13:05:27.650,exiting
1361,2017-06-23 13:53:43.550,entering
1361,2017-06-24 10:29:42.500,entering
1361,2017-06-24 10:38:48.050,exiting
1361,2017-06-24 10:59:32.450,entering
1361,2017-06-24 11:57:36.550,entering
1361,2017-06-24 14:19:05.950,entering
1361,2017-06-25 09:17:50.100,entering
1361,2017-06-25 10:29:20.500,exiting
1361,2017-06-25 10:29:47.100,exiting
1361,2017-06-25 10:49:45.200,entering
1361,2017-06-25 15:17:58.650,exiting
1361,2017-06-25 17:44:24.200,entering
1361,2017-06-26 08:35:37.250,exiting
1361,2017-06-26 10:34:18.350,entering
1361,2017-06-26 10:41:20.150,exiting
1361,2017-06-26 13:18:19.450,entering
1361,2017-06-26 13:28:24.350,exiting
1361,2017-06-27 08:42:24.650,exiting
1361,2017-06-27 08:51:45.450,entering
1361,2017-06-27 09:14:56.200,entering
1361,2017-06-27 09:16:35.200,exiting
1361,2017-06-27 10:18:53.200,entering
1361,2017-06-27 10:21:36.150,exiting
1361,2017-06-27 12:05:14.800,entering
1361,2017-06-27 12:09:48.800,exiting
1361,2017-06-27 14:47:53.750,entering
1361,2017-06-27 15:03:48.650,entering
1361,2017-06-27 15:05:29.400,exiting
1361,2017-06-27 16:23:56.400,entering
1361,2017-06-28 09:19:33.600,entering
1361,2017-06-28 10:41:10.950,exiting
1361,2017-06-28 11:46:04.650,exiting
1652,2017-06-21 08:09:11.500,exiting
1652,2017-06-21 08:39:47.600,entering
1652,2017-06-21 16:49:07.000,exiting
1652,2017-06-21 17:27:20.300,entering
1652,2017-06-21 17:30:35.400,exiting
1652,2017-06-22 08:02:56.000,entering
1652,2017-06-22 09:12:29.700,exiting
1652,2017-06-22 09:49:59.900,entering
1652,2017-06-22 17:54:51.150,entering
1652,2017-06-22 17:57:58.550,exiting
1652,2017-06-23 08:13:11.400,entering
1652,2017-06-23 08:21:19.600,entering
1652,2017-06-23 08:43:39.800,entering
1652,2017-06-23 14:45:05.650,exiting
1652,2017-06-23 14:46:21.050,unknown
1652,2017-06-23 16:35:29.250,entering
1652,2017-06-23 17:58:33.800,exiting
1652,2017-06-24 08:21:32.900,exiting
1652,2017-06-24 08:42:37.150,entering
1652,2017-06-24 09:16:35.400,entering
1652,2017-06-24 10:15:36.300,entering
1652,2017-06-25 08:05:10.100,entering
1652,2017-06-25 08:15:42.450,exiting
1652,2017-06-25 08:38:21.150,entering
1652,2017-06-25 08:42:01.200,exiting
1652,2017-06-25 09:30:00.650,entering
1652,2017-06-25 16:43:07.850,exiting
1652,2017-06-26 09:02:38.200,exiting
1652,2017-06-26 09:14:21.200,entering
1652,2017-06-26 16:00:16.750,exiting
1652,2017-06-27 08:02:54.650,entering
1652,2017-06-27 08:17:21.850,exiting
1652,2017-06-27 08:35:30.950,entering
1652,2017-06-27 08:54:53.850,exiting
1652,2017-06-27 09:22:23.400,entering
1652,2017-06-27 09:30:11.400,exiting
1652,2017-06-27 11:27:46.350,entering
1652,2017-06-27 17:10:39.350,exiting
1652,2017-06-28 08:11:40.750,entering
1652,2017-06-28 09:10:52.150,entering
1609,2017-06-21 08:09:58.650,entering
1609,2017-06-21 08:30:24.400,entering
1609,2017-06-21 08:38:20.550,exiting
1609,2017-06-21 09:01:52.450,entering
1609,2017-06-21 16:22:13.950,exiting
1609,2017-06-21 16:22:31.200,entering
1609,2017-06-21 17:26:12.650,entering
1609,2017-06-22 09:01:01.750,entering
1609,2017-06-22 10:01:41.800,entering
1609,2017-06-22 15:03:39.300,exiting
1609,2017-06-22 15:15:57.800,entering
1609,2017-06-22 16:51:23.400,entering
1609,2017-06-22 17:21:30.400,entering
1609,2017-06-22 17:51:13.600,entering
1609,2017-06-23 08:53:41.800,exiting
1609,2017-06-23 09:47:35.150,entering
1609,2017-06-23 09:52:42.550,exiting
1609,2017-06-23 10:14:54.800,entering
1609,2017-06-23 10:18:40.200,exiting
1609,2017-06-23 11:00:36.750,entering
1609,2017-06-23 14:49:39.450,entering
1609,2017-06-23 15:28:02.800,exiting
1609,2017-06-23 15:28:28.200,entering
1609,2017-06-23 15:29:24.450,exiting
1609,2017-06-23 15:32:46.450,exiting
1609,2017-06-23 15:34:42.400,entering
1609,2017-06-23 16:03:22.200,exiting
1609,2017-06-23 16:51:18.300,entering
1609,2017-06-23 16:53:57.850,exiting
1609,2017-06-23 17:13:03.750,entering
1609,2017-06-23 17:14:44.300,exiting
1609,2017-06-23 17:42:51.750,entering
1609,2017-06-23 17:44:48.800,exiting
1609,2017-06-24 09:03:13.300,exiting
1609,2017-06-24 09:18:15.000,entering
1609,2017-06-24 09:52:38.150,entering
1609,2017-06-24 10:00:49.900,exiting
1609,2017-06-24 10:19:39.850,entering
1609,2017-06-24 10:23:31.150,exiting
1609,2017-06-24 11:13:32.600,entering
1609,2017-06-24 16:14:26.350,exiting
1609,2017-06-24 16:21:27.700,entering
1609,2017-06-24 17:14:23.000,entering
1609,2017-06-24 17:39:59.200,entering
1609,2017-06-25 08:08:33.500,entering
1609,2017-06-25 08:13:21.000,exiting
1609,2017-06-25 08:33:54.600,exiting
1609,2017-06-25 08:53:49.200,entering
1609,2017-06-25 08:58:43.400,exiting
1609,2017-06-25 09:25:29.700,entering
1609,2017-06-25 16:11:48.200,exiting
1609,2017-06-25 16:12:08.250,entering
1609,2017-06-25 16:12:32.050,exiting
1609,2017-06-25 16:13:02.600,entering
1609,2017-06-25 16:26:12.750,entering
1609,2017-06-25 16:29:43.400,exiting
1609,2017-06-25 16:30:44.350,exiting
1609,2017-06-25 17:00:39.950,entering
1609,2017-06-25 17:28:17.000,entering
1609,2017-06-26 09:02:16.000,exiting
1609,2017-06-26 09:13:23.400,entering
1609,2017-06-26 15:33:09.250,exiting
1609,2017-06-26 15:38:06.900,entering
1609,2017-06-26 16:11:48.150,exiting
1609,2017-06-26 16:46:27.450,exiting
1609,2017-06-26 16:51:38.350,exiting
1609,2017-06-27 08:31:15.250,exiting
1609,2017-06-27 08:41:06.600,entering
1609,2017-06-27 08:49:40.300,exiting
1609,2017-06-27 09:01:11.750,entering
1609,2017-06-27 09:05:10.550,exiting
1609,2017-06-27 09:24:25.600,entering
1609,2017-06-27 09:39:00.800,entering
1609,2017-06-27 11:09:36.950,entering
1609,2017-06-27 11:29:03.350,exiting
1609,2017-06-27 11:36:38.350,entering
1609,2017-06-27 11:41:46.350,exiting
1609,2017-06-27 12:41:40.550,entering
1609,2017-06-27 15:56:24.750,entering
1609,2017-06-27 17:00:56.050,entering
1609,2017-06-27 17:45:43.350,entering
1609,2017-06-28 09:44:28.950,entering
1609,2017-06-28 11:19:15.950,entering
1609,2017-06-28 16:48:11.000,entering
1609,2017-06-28 16:58:06.500,exiting
1109,2017-06-21 08:10:19.600,entering
1109,2017-06-21 15:43:07.300,entering
1109,2017-06-21 17:58:52.450,entering
1109,2017-06-22 08:00:57.100,exiting
1786,2017-06-21 08:14:14.600,exiting
1786,2017-06-21 09:28:58.550,entering
1786,2017-06-21 13:40:27.050,exiting
1786,2017-06-21 14:51:52.350,entering
1786,2017-06-21 14:59:48.650,exiting
1786,2017-06-21 15:21:34.550,entering
1786,2017-06-21 15:25:31.000,exiting
1786,2017-06-21 15:47:52.950,entering
1786,2017-06-21 15:54:38.150,exiting
1786,2017-06-21 16:37:23.950,entering
1786,2017-06-21 16:44:19.650,exiting
1786,2017-06-22 08:54:25.100,exiting
1786,2017-06-22 10:10:10.850,entering
1786,2017-06-22 13:10:29.250,exiting
1786,2017-06-22 14:56:47.550,entering
1786,2017-06-22 15:03:50.500,exiting
1786,2017-06-22 15:19:44.200,entering
1237,2017-06-21 08:18:54.800,entering
1237,2017-06-21 09:09:30.400,exiting
1237,2017-06-21 09:22:16.750,entering
1237,2017-06-21 09:36:01.050,exiting
1237,2017-06-21 09:46:43.500,entering
1237,2017-06-21 16:06:25.050,exiting
1237,2017-06-21 16:09:18.150,entering
1237,2017-06-21 16:51:38.350,entering
1237,2017-06-21 17:17:14.000,entering
1237,2017-06-21 17:53:50.100,entering
1237,2017-06-22 08:18:14.650,entering
1237,2017-06-22 08:56:02.350,entering
1237,2017-06-22 09:00:53.250,exiting
1237,2017-06-22 09:41:01.150,entering
1237,2017-06-22 14:50:53.300,exiting
1237,2017-06-22 16:19:51.200,entering
1237,2017-06-22 16:56:10.000,exiting
1237,2017-06-22 17:22:44.500,entering
1237,2017-06-23 08:15:42.250,entering
1237,2017-06-23 08:33:13.050,exiting
1237,2017-06-23 08:49:24.550,entering
1237,2017-06-23 09:27:42.400,entering
1237,2017-06-23 09:30:35.850,exiting
1237,2017-06-23 09:48:04.650,entering
1237,2017-06-23 09:56:21.550,exiting
1237,2017-06-23 10:15:38.500,entering
1237,2017-06-23 14:48:01.850,exiting
1237,2017-06-23 15:44:30.000,entering
1237,2017-06-23 15:59:41.600,entering
1237,2017-06-23 16:36:22.650,entering
1237,2017-06-23 16:39:07.400,exiting
1237,2017-06-23 17:06:06.050,entering
1237,2017-06-23 17:07:20.550,exiting
1237,2017-06-23 17:57:55.550,entering
1237,2017-06-24 08:08:17.350,entering
1237,2017-06-24 09:36:37.050,entering
1237,2017-06-24 10:32:35.800,entering
1237,2017-06-24 11:48:58.150,exiting
1237,2017-06-24 11:57:13.200,entering
1237,2017-06-24 12:30:36.350,entering
1237,2017-06-24 12:41:21.850,exiting
1237,2017-06-24 13:07:11.900,entering
1237,2017-06-24 17:29:01.200,entering
1237,2017-06-25 08:07:26.100,entering
1237,2017-06-25 08:15:04.100,exiting
1237,2017-06-25 08:30:06.250,entering
1237,2017-06-25 08:48:38.800,entering
1237,2017-06-25 08:52:25.700,exiting
1237,2017-06-25 09:41:23.250,entering
1237,2017-06-25 14:41:48.600,exiting
1237,2017-06-25 14:48:38.100,entering
1237,2017-06-25 17:11:59.100,entering
1237,2017-06-25 17:13:25.050,exiting
1237,2017-06-26 08:02:29.900,exiting
1237,2017-06-26 08:09:56.050,entering
1237,2017-06-26 08:56:54.650,exiting
1237,2017-06-26 09:09:34.550,entering
1237,2017-06-26 10:24:24.300,exiting
1237,2017-06-26 11:13:18.300,entering
1237,2017-06-26 11:33:59.900,exiting
1237,2017-06-26 11:54:22.400,entering
1237,2017-06-26 14:02:52.450,exiting
1237,2017-06-27 08:05:28.250,exiting
1237,2017-06-27 08:26:30.750,entering
1237,2017-06-27 08:31:10.450,exiting
1237,2017-06-27 08:45:02.700,entering
1237,2017-06-27 08:47:57.650,exiting
1237,2017-06-27 09:03:42.100,entering
1237,2017-06-27 09:07:48.250,exiting
1237,2017-06-27 09:57:45.000,entering
1237,2017-06-27 10:10:10.000,exiting
1237,2017-06-27 10:32:16.950,entering
1237,2017-06-27 11:31:29.150,exiting
1237,2017-06-27 13:57:56.600,entering
1237,2017-06-27 14:04:25.750,exiting
1237,2017-06-27 15:41:35.150,entering
1237,2017-06-27 15:49:18.300,exiting
1237,2017-06-27 17:07:18.900,entering
1237,2017-06-27 17:11:51.200,exiting
1237,2017-06-28 08:21:50.050,exiting
930,2017-06-21 08:32:44.000,entering
930,2017-06-21 09:57:16.450,entering
930,2017-06-22 08:21:27.100,exiting
930,2017-06-23 08:25:00.000,entering
930,2017-06-23 13:05:28.000,exiting
930,2017-06-24 09:01:16.200,entering
930,2017-06-25 08:26:20.600,exiting
930,2017-06-25 10:29:44.250,unknown
930,2017-06-26 13:18:20.450,entering
930,2017-06-27 09:14:56.550,entering
930,2017-06-27 12:05:15.200,entering
930,2017-06-27 14:47:54.150,entering
1900,2017-06-21 08:46:24.850,exiting
1900,2017-06-21 08:47:33.350,entering
1900,2017-06-22 11:39:36.900,entering
1900,2017-06-22 13:47:05.400,exiting
1900,2017-06-22 13:48:13.600,entering
1900,2017-06-22 13:49:17.200,entering
1900,2017-06-23 10:09:29.150,exiting
1900,2017-06-23 10:10:18.300,entering
1900,2017-06-23 16:35:11.850,exiting
1900,2017-06-23 16:36:17.250,entering
1900,2017-06-23 16:36:38.900,exiting
1900,2017-06-24 09:55:57.300,exiting
1900,2017-06-24 09:56:57.450,entering
1900,2017-06-24 15:43:11.800,entering
1900,2017-06-24 16:04:45.150,exiting
1900,2017-06-24 16:06:04.650,entering
1900,2017-06-24 16:11:01.000,entering
1900,2017-06-24 16:12:42.150,entering
1900,2017-06-24 16:32:51.800,exiting
1900,2017-06-24 16:33:34.950,entering
1900,2017-06-24 16:52:59.900,entering
1900,2017-06-24 17:05:04.050,exiting
1900,2017-06-24 17:06:24.600,entering
1900,2017-06-25 09:14:56.700,unknown
1900,2017-06-25 09:44:09.750,entering
1900,2017-06-25 09:48:58.100,entering
1404,2017-06-21 08:50:19.900,exiting
1404,2017-06-21 08:52:39.850,entering
1404,2017-06-21 09:58:11.450,entering
1404,2017-06-21 14:16:44.250,entering
1404,2017-06-21 15:58:46.200,entering
1404,2017-06-21 16:01:35.600,exiting
1404,2017-06-21 16:16:24.600,entering
1404,2017-06-21 16:24:02.950,exiting
1404,2017-06-21 16:40:05.750,entering
1404,2017-06-21 17:09:44.800,entering
1230,2017-06-21 08:53:06.400,exiting
1230,2017-06-21 09:05:36.850,entering
1230,2017-06-21 09:12:41.500,exiting
1230,2017-06-21 09:34:14.050,exiting
1230,2017-06-21 11:05:43.150,entering
1230,2017-06-21 11:15:52.950,entering
1230,2017-06-21 11:16:13.700,exiting
1230,2017-06-21 11:18:48.700,exiting
1230,2017-06-21 11:20:17.500,exiting
1230,2017-06-21 11:21:22.700,exiting
1230,2017-06-21 11:22:48.450,exiting
1230,2017-06-21 11:27:45.100,exiting
1230,2017-06-21 11:28:56.800,exiting
1230,2017-06-21 11:30:46.850,exiting
1230,2017-06-21 11:34:10.300,exiting
1230,2017-06-21 11:40:01.250,exiting
1230,2017-06-21 11:41:27.950,exiting
1230,2017-06-21 11:43:37.700,entering
1230,2017-06-21 11:46:33.150,exiting
1230,2017-06-21 11:49:32.750,exiting
1230,2017-06-21 11:49:57.600,unknown
1230,2017-06-21 11:51:20.400,exiting
1230,2017-06-21 11:53:30.100,exiting
1230,2017-06-21 11:54:04.700,exiting
1230,2017-06-21 11:56:43.250,entering
1230,2017-06-21 12:01:11.200,exiting
1230,2017-06-21 12:03:02.150,exiting
1230,2017-06-21 12:04:03.750,unknown
1230,2017-06-21 12:06:32.150,exiting
1230,2017-06-21 12:08:31.400,unknown
1230,2017-06-21 12:10:48.850,exiting
1230,2017-06-21 12:15:16.750,unknown
1230,2017-06-21 12:18:29.400,exiting
1230,2017-06-21 12:22:37.750,exiting
1230,2017-06-21 12:24:05.350,exiting
1230,2017-06-21 12:25:27.350,exiting
1230,2017-06-21 12:28:07.250,exiting
1230,2017-06-21 12:35:32.350,exiting
1230,2017-06-21 12:36:26.450,entering
1230,2017-06-21 12:41:20.850,entering
1230,2017-06-21 15:07:48.350,exiting
1230,2017-06-21 15:09:22.150,exiting
1230,2017-06-21 15:10:03.750,exiting
1230,2017-06-21 15:10:48.350,exiting
1230,2017-06-21 15:13:44.850,entering
1230,2017-06-21 17:08:02.500,entering
1230,2017-06-22 08:46:13.800,entering
1230,2017-06-22 09:33:01.700,entering
1230,2017-06-22 09:54:24.100,exiting
1230,2017-06-22 10:07:29.000,entering
1230,2017-06-22 15:41:20.950,exiting
1230,2017-06-22 15:44:44.100,entering
1230,2017-06-22 17:39:00.800,entering
1230,2017-06-22 17:41:16.200,exiting
1230,2017-06-23 08:41:02.200,exiting
1230,2017-06-23 10:03:50.000,entering
1230,2017-06-23 10:40:17.850,entering
1230,2017-06-23 10:43:52.600,unknown
1230,2017-06-23 10:47:06.150,entering
1230,2017-06-23 13:23:18.950,exiting
1230,2017-06-23 13:26:36.850,entering
1230,2017-06-23 13:33:51.550,exiting
1230,2017-06-23 13:35:34.450,exiting
1230,2017-06-23 13:38:57.700,exiting
1230,2017-06-23 13:40:20.750,exiting
1230,2017-06-23 13:41:00.150,entering
1230,2017-06-23 13:50:30.150,exiting
1230,2017-06-23 13:51:21.450,entering
1230,2017-06-23 13:51:56.250,exiting
1230,2017-06-23 13:53:48.650,exiting
1230,2017-06-23 13:54:29.050,entering
1230,2017-06-23 13:54:59.100,entering
1230,2017-06-23 13:55:37.550,entering
1230,2017-06-23 14:41:59.450,exiting
1230,2017-06-23 14:49:57.200,entering
1230,2017-06-23 15:28:26.650,exiting
1230,2017-06-23 15:29:34.650,exiting
1230,2017-06-23 15:31:00.750,entering
1230,2017-06-23 15:36:28.600,exiting
1230,2017-06-23 15:37:43.050,exiting
1415,2017-06-21 09:05:46.050,entering
1415,2017-06-21 14:20:38.350,entering
1415,2017-06-21 15:20:04.000,entering
1415,2017-06-21 16:13:12.900,entering
1415,2017-06-21 16:24:25.350,exiting
1415,2017-06-21 17:59:49.550,entering
1415,2017-06-22 08:41:19.000,exiting
1415,2017-06-22 09:06:26.200,entering
1415,2017-06-22 09:38:59.850,exiting
1415,2017-06-22 10:33:42.050,entering
1407,2017-06-21 09:15:17.750,exiting
1407,2017-06-21 09:16:34.250,entering
1407,2017-06-21 09:37:57.600,exiting
1407,2017-06-21 09:48:34.400,entering
1407,2017-06-21 13:19:24.000,exiting
1407,2017-06-21 13:27:53.950,exiting
1407,2017-06-21 13:28:13.250,entering
1407,2017-06-21 13:30:39.250,exiting
1407,2017-06-21 13:31:58.750,exiting
1407,2017-06-21 13:33:41.750,unknown
1407,2017-06-21 13:51:54.450,exiting
1407,2017-06-21 13:53:30.250,entering
1407,2017-06-21 16:00:06.000,entering
1407,2017-06-21 16:09:30.000,entering
1407,2017-06-21 16:45:45.000,entering
1407,2017-06-21 16:56:05.500,exiting
1407,2017-06-21 16:56:35.750,exiting
1407,2017-06-21 16:58:26.100,entering
1407,2017-06-21 17:02:03.500,entering
1407,2017-06-21 17:50:04.750,entering
1407,2017-06-21 17:53:01.600,exiting
1407,2017-06-22 08:47:26.750,entering
1407,2017-06-22 08:54:51.350,entering
1407,2017-06-22 08:55:28.400,unknown
1407,2017-06-22 09:27:29.500,entering
1407,2017-06-22 11:10:03.650,exiting
1407,2017-06-22 11:25:57.650,entering
1407,2017-06-22 14:37:48.700,entering
1407,2017-06-22 14:46:06.650,unknown
1407,2017-06-22 14:47:01.550,entering
1407,2017-06-22 14:47:26.650,entering
1407,2017-06-22 15:02:09.300,entering
1407,2017-06-22 15:03:05.150,entering
1407,2017-06-22 15:09:25.850,entering
1407,2017-06-22 15:24:28.000,entering
1407,2017-06-22 15:26:09.400,entering
1407,2017-06-22 15:30:44.700,exiting
1407,2017-06-22 15:31:04.900,entering
1407,2017-06-22 15:33:15.900,exiting
1407,2017-06-22 15:35:02.700,exiting
1407,2017-06-22 15:38:07.950,entering
1407,2017-06-22 15:47:07.450,entering
1407,2017-06-23 09:40:53.900,entering
1407,2017-06-23 09:51:06.650,entering
1407,2017-06-23 10:38:01.200,exiting
1407,2017-06-23 10:53:32.200,entering
1407,2017-06-23 11:29:38.400,exiting
1407,2017-06-23 12:35:53.000,entering
1407,2017-06-23 14:36:46.500,exiting
1407,2017-06-23 14:52:01.500,entering
1407,2017-06-23 15:16:12.250,entering
1407,2017-06-23 15:24:34.350,entering
1407,2017-06-23 16:32:55.200,exiting
1407,2017-06-23 17:27:51.800,entering
1407,2017-06-24 08:21:19.500,exiting
1407,2017-06-24 09:02:59.450,entering
1407,2017-06-24 09:40:23.150,exiting
1407,2017-06-24 09:51:13.150,exiting
1407,2017-06-24 11:00:37.350,entering
1407,2017-06-24 13:06:14.200,entering
1407,2017-06-24 13:36:55.300,exiting
1407,2017-06-24 14:06:53.500,entering
1407,2017-06-24 15:18:54.700,entering
2487,2017-06-21 09:32:24.850,entering
2487,2017-06-21 09:55:31.700,exiting
2487,2017-06-21 10:32:23.700,entering
2487,2017-06-21 10:43:30.550,exiting
2487,2017-06-21 11:15:16.900,entering
2487,2017-06-21 12:05:11.750,entering
2487,2017-06-21 16:12:12.550,exiting
2487,2017-06-21 16:33:30.000,entering
2487,2017-06-22 08:01:00.800,entering
2487,2017-06-22 08:02:34.200,exiting
2487,2017-06-22 08:03:02.150,entering
2487,2017-06-22 08:03:39.550,entering
2487,2017-06-22 08:23:37.200,exiting
2487,2017-06-22 09:18:20.100,entering
2487,2017-06-22 10:58:56.200,entering
2487,2017-06-22 11:11:33.050,exiting
2487,2017-06-22 12:07:42.450,exiting
2487,2017-06-22 13:10:09.600,exiting
2487,2017-06-22 15:16:53.400,entering
2487,2017-06-22 16:13:59.200,exiting
2487,2017-06-23 09:08:55.300,exiting
2487,2017-06-23 09:38:04.350,entering
2487,2017-06-23 09:56:09.500,exiting
2487,2017-06-23 11:30:31.800,exiting
2487,2017-06-24 08:36:48.800,exiting
2487,2017-06-24 09:49:42.200,entering
2487,2017-06-24 10:24:33.800,exiting
2487,2017-06-24 10:25:54.850,entering
2487,2017-06-24 14:20:28.700,entering
2487,2017-06-24 15:44:39.200,entering
1797,2017-06-21 09:41:13.550,entering
1797,2017-06-21 09:50:20.650,exiting
1797,2017-06-21 09:51:19.450,entering
1797,2017-06-21 14:37:37.550,entering
1797,2017-06-21 14:44:20.600,entering
1797,2017-06-21 14:45:21.000,entering
1797,2017-06-21 14:47:21.750,entering
1797,2017-06-21 15:53:27.250,exiting
1797,2017-06-21 16:25:07.250,entering
1797,2017-06-21 17:10:37.600,entering
1797,2017-06-22 08:03:11.200,exiting
1797,2017-06-22 08:03:53.200,entering
1797,2017-06-22 08:58:11.900,exiting
1797,2017-06-22 10:29:08.000,entering
1797,2017-06-22 15:44:59.300,exiting
1797,2017-06-22 16:44:11.400,exiting
1797,2017-06-22 17:49:41.900,entering
1797,2017-06-23 08:04:49.200,entering
1797,2017-06-23 08:29:44.000,entering
1797,2017-06-23 09:15:21.150,exiting
1797,2017-06-23 10:01:19.600,entering
1797,2017-06-23 16:56:36.450,entering
1797,2017-06-23 17:53:32.300,entering
1797,2017-06-24 08:09:50.950,entering
1797,2017-06-24 08:37:45.350,exiting
1797,2017-06-24 09:02:22.050,entering
1797,2017-06-24 09:44:36.850,entering
1797,2017-06-24 10:32:04.450,entering
1797,2017-06-24 11:59:01.950,entering
1797,2017-06-24 17:13:40.300,entering
1797,2017-06-25 08:12:23.400,entering
1797,2017-06-25 08:18:44.100,exiting
1797,2017-06-25 08:49:29.400,entering
1797,2017-06-25 10:54:51.400,exiting
1797,2017-06-25 10:55:30.050,entering
1797,2017-06-25 15:18:14.600,exiting
1797,2017-06-25 15:18:42.000,entering
1797,2017-06-25 15:39:27.600,entering
1797,2017-06-25 16:04:16.400,unknown
1797,2017-06-25 16:06:11.000,entering
1797,2017-06-25 16:08:40.650,entering
1797,2017-06-25 16:09:40.100,unknown
1797,2017-06-25 16:49:44.050,exiting
1797,2017-06-25 16:52:03.400,exiting
1797,2017-06-25 17:46:57.200,entering
1797,2017-06-26 08:59:07.250,exiting
1797,2017-06-26 09:26:50.400,entering
1797,2017-06-26 12:38:20.000,entering
1797,2017-06-26 12:39:38.200,entering
1797,2017-06-26 14:34:07.650,exiting
1797,2017-06-26 14:45:09.400,entering
1797,2017-06-26 15:38:23.500,entering
1797,2017-06-26 16:06:32.450,exiting
1797,2017-06-26 17:05:07.150,entering
1797,2017-06-26 17:16:43.600,exiting
1797,2017-06-27 08:18:44.500,exiting
1797,2017-06-27 08:44:47.950,entering
1797,2017-06-27 08:51:29.100,exiting
1797,2017-06-27 09:06:25.150,entering
1797,2017-06-27 09:14:43.600,exiting
1797,2017-06-27 09:28:57.000,entering
1797,2017-06-27 09:35:48.000,exiting
1797,2017-06-27 10:21:42.200,entering
1797,2017-06-27 10:23:28.400,exiting
1797,2017-06-27 12:41:53.200,entering
1797,2017-06-27 15:08:07.650,exiting
1797,2017-06-27 15:19:02.800,entering
1797,2017-06-27 16:11:27.800,exiting
1797,2017-06-27 17:06:57.200,entering
1797,2017-06-27 17:23:41.600,exiting
1797,2017-06-28 09:28:36.300,exiting
1797,2017-06-28 10:05:06.050,exiting
1797,2017-06-28 10:57:16.050,entering
1797,2017-06-28 10:58:18.400,entering
1797,2017-06-28 11:07:06.100,entering
1797,2017-06-28 12:27:27.400,entering
508,2017-06-21 10:20:15.150,exiting
508,2017-06-21 12:15:25.950,entering
508,2017-06-22 10:18:31.850,entering
508,2017-06-22 10:39:17.850,entering
508,2017-06-22 12:03:12.050,entering
508,2017-06-23 09:56:07.350,entering
508,2017-06-23 12:02:09.300,exiting
508,2017-06-24 08:10:44.900,exiting
508,2017-06-24 11:04:20.150,exiting
508,2017-06-24 11:53:38.450,entering
508,2017-06-24 16:59:31.950,entering
508,2017-06-25 08:40:29.750,exiting
508,2017-06-25 09:36:37.350,entering
508,2017-06-25 10:51:06.150,exiting
508,2017-06-25 12:30:00.800,entering
508,2017-06-25 15:54:09.450,entering
508,2017-06-26 08:00:17.800,entering
508,2017-06-26 08:23:01.450,exiting
508,2017-06-26 08:50:56.500,entering
508,2017-06-26 09:15:54.800,exiting
508,2017-06-26 12:40:36.000,entering
508,2017-06-26 16:53:01.750,exiting
508,2017-06-27 08:55:43.850,exiting
508,2017-06-27 09:35:45.000,entering
508,2017-06-27 09:37:20.050,exiting
508,2017-06-27 10:10:18.800,entering
508,2017-06-27 10:11:22.550,exiting
508,2017-06-27 11:30:23.750,entering
508,2017-06-27 11:32:55.950,exiting
508,2017-06-27 13:08:48.600,entering
508,2017-06-27 13:56:00.800,exiting
508,2017-06-27 14:38:18.500,entering
508,2017-06-28 09:16:20.350,unknown
508,2017-06-28 09:19:16.000,exiting
508,2017-06-28 10:22:46.900,entering
515,2017-06-21 10:59:15.700,unknown
515,2017-06-21 11:00:17.600,entering
515,2017-06-21 11:01:16.750,exiting
515,2017-06-21 11:02:45.700,exiting
515,2017-06-21 13:16:08.300,exiting
515,2017-06-21 16:49:35.050,entering
515,2017-06-21 17:55:31.900,entering
515,2017-06-22 14:02:29.450,exiting
515,2017-06-22 14:05:21.050,entering
515,2017-06-22 14:12:56.150,exiting
515,2017-06-22 15:17:38.050,entering
515,2017-06-22 17:23:16.100,entering
515,2017-06-22 17:27:38.200,exiting
515,2017-06-23 14:19:43.400,exiting
515,2017-06-23 14:22:39.700,entering
515,2017-06-23 14:24:47.000,exiting
515,2017-06-24 10:22:34.300,entering
515,2017-06-24 15:32:06.700,exiting
515,2017-06-26 12:00:26.000,entering
515,2017-06-26 15:06:36.300,entering
515,2017-06-27 08:03:08.600,exiting
515,2017-06-27 09:28:05.500,exiting
515,2017-06-27 13:24:33.000,exiting
515,2017-06-27 16:32:28.300,entering
1698,2017-06-21 11:12:39.850,exiting
1698,2017-06-21 11:13:46.850,entering
1698,2017-06-21 11:16:02.850,entering
1698,2017-06-21 11:16:27.300,exiting
1698,2017-06-21 11:18:44.100,entering
1698,2017-06-21 11:19:09.300,exiting
1698,2017-06-21 11:19:38.050,entering
1698,2017-06-21 11:21:02.050,entering
1698,2017-06-21 11:22:11.100,unknown
1698,2017-06-21 13:55:15.250,entering
1698,2017-06-21 16:41:23.600,exiting
1698,2017-06-21 16:43:47.700,entering
1698,2017-06-21 16:46:58.800,exiting
1698,2017-06-21 16:47:17.200,entering
1698,2017-06-21 17:12:33.000,entering
1698,2017-06-21 17:23:29.800,exiting
1698,2017-06-21 17:24:19.850,entering
1698,2017-06-21 17:25:07.350,entering
1698,2017-06-21 17:26:01.500,entering
1698,2017-06-21 17:27:57.650,entering
1698,2017-06-21 17:44:25.850,entering
1698,2017-06-21 17:44:56.750,entering
1698,2017-06-21 17:47:30.050,entering
1698,2017-06-21 17:53:19.400,entering
1698,2017-06-21 17:55:53.700,unknown
1698,2017-06-21 17:56:11.950,entering
1698,2017-06-21 17:59:52.750,exiting
1698,2017-06-22 10:40:43.650,entering
1698,2017-06-22 10:44:15.550,entering
1698,2017-06-22 11:00:01.050,entering
1698,2017-06-22 11:56:33.750,entering
1698,2017-06-22 11:57:06.250,unknown
1698,2017-06-22 12:26:51.750,unknown
1698,2017-06-22 13:00:38.300,entering
1698,2017-06-22 13:02:33.400,exiting
1698,2017-06-22 13:03:19.950,entering
1698,2017-06-22 14:05:01.850,unknown
1698,2017-06-22 14:16:15.250,entering
1698,2017-06-22 14:25:19.250,exiting
1698,2017-06-22 14:37:02.050,entering
1698,2017-06-22 14:37:31.400,entering
1698,2017-06-22 14:38:34.200,entering
1698,2017-06-23 10:26:13.150,entering
1698,2017-06-23 10:40:08.050,entering
1698,2017-06-23 10:46:22.350,entering
1698,2017-06-23 10:57:07.750,entering
1698,2017-06-23 11:21:13.150,entering
1698,2017-06-23 11:27:24.100,entering
1698,2017-06-23 12:21:28.350,entering
1698,2017-06-23 12:30:03.350,entering
1698,2017-06-23 12:30:43.400,entering
1698,2017-06-23 12:34:12.500,entering
1698,2017-06-23 13:19:16.400,entering
1698,2017-06-23 13:21:14.000,entering
1698,2017-06-23 13:21:45.800,exiting
1698,2017-06-23 13:22:19.750,entering
1698,2017-06-23 14:24:04.650,entering
1698,2017-06-23 16:30:36.250,entering
1698,2017-06-24 08:09:46.800,entering
1698,2017-06-24 09:28:37.900,exiting
1698,2017-06-24 09:29:16.050,entering
1698,2017-06-24 11:00:01.400,entering
1698,2017-06-24 11:22:19.500,entering
1698,2017-06-24 11:30:06.650,entering
1698,2017-06-24 11:51:12.400,entering
1698,2017-06-24 11:58:54.800,entering
1698,2017-06-24 12:05:12.750,entering
1698,2017-06-24 12:17:43.850,entering
1698,2017-06-24 12:22:39.100,entering
1698,2017-06-24 12:32:57.600,entering
1698,2017-06-24 12:34:32.300,entering
1698,2017-06-24 12:35:54.750,entering
1698,2017-06-24 12:39:23.450,entering
1698,2017-06-24 12:47:53.300,entering
1698,2017-06-24 12:52:20.000,exiting
1698,2017-06-24 12:53:30.450,entering
1698,2017-06-24 12:54:10.500,exiting
1698,2017-06-24 12:56:07.000,entering
1698,2017-06-24 12:58:32.000,entering
1698,2017-06-24 13:04:40.900,entering
1698,2017-06-24 13:05:21.900,entering
1698,2017-06-24 13:08:44.950,entering
1698,2017-06-24 13:10:37.300,entering
517,2017-06-21 11:27:39.500,exiting
517,2017-06-21 11:28:56.500,entering
517,2017-06-21 14:34:25.850,exiting
517,2017-06-21 14:51:38.800,entering
517,2017-06-21 14:57:22.400,exiting
517,2017-06-21 15:21:04.900,entering
517,2017-06-21 15:49:01.350,entering
517,2017-06-21 17:07:49.450,exiting
517,2017-06-21 17:38:18.650,entering
517,2017-06-22 09:12:25.550,exiting
517,2017-06-22 09:13:14.800,entering
517,2017-06-22 10:12:56.750,exiting
517,2017-06-22 10:20:49.200,entering
517,2017-06-22 10:26:40.200,exiting
517,2017-06-22 10:38:33.900,entering
517,2017-06-22 10:43:58.600,exiting
517,2017-06-22 10:56:59.600,entering
517,2017-06-22 11:00:44.050,exiting
517,2017-06-22 11:14:05.250,entering
517,2017-06-22 11:22:40.050,exiting
517,2017-06-22 11:42:18.450,entering
517,2017-06-22 11:49:10.200,exiting
517,2017-06-22 12:06:59.550,entering
517,2017-06-22 12:37:26.850,entering
517,2017-06-22 13:31:17.800,exiting
517,2017-06-22 13:32:33.950,entering
517,2017-06-23 09:14:54.800,entering
517,2017-06-23 11:06:17.850,exiting
517,2017-06-23 11:19:45.650,entering
517,2017-06-23 11:25:55.800,exiting
517,2017-06-23 11:40:32.800,entering
517,2017-06-23 11:52:17.150,exiting
517,2017-06-23 12:06:57.400,entering
517,2017-06-23 12:15:19.500,exiting
517,2017-06-23 12:27:54.050,entering
517,2017-06-23 12:41:44.350,exiting
517,2017-06-23 12:56:41.950,entering
517,2017-06-23 13:06:23.850,exiting
517,2017-06-23 13:23:51.500,entering
517,2017-06-23 13:42:34.450,exiting
517,2017-06-23 14:04:59.550,entering
517,2017-06-24 09:33:20.350,exiting
517,2017-06-24 09:34:23.250,entering
517,2017-06-24 11:54:46.100,entering
517,2017-06-24 12:24:38.250,entering
517,2017-06-24 12:32:37.700,exiting
517,2017-06-24 12:52:06.250,entering
517,2017-06-24 13:30:45.000,entering
517,2017-06-24 17:16:06.400,exiting
517,2017-06-24 17:16:54.300,exiting
517,2017-06-25 09:51:29.650,entering
517,2017-06-25 10:06:42.200,entering
517,2017-06-25 10:11:01.900,exiting
517,2017-06-25 10:11:52.950,unknown
517,2017-06-25 10:12:15.800,entering
517,2017-06-25 10:21:20.850,entering
517,2017-06-25 10:38:30.700,entering
517,2017-06-26 08:24:16.750,exiting
517,2017-06-26 08:25:44.200,entering
517,2017-06-26 11:21:24.050,exiting
517,2017-06-26 11:22:52.500,entering
517,2017-06-26 11:23:09.650,exiting
517,2017-06-26 11:24:06.500,exiting
517,2017-06-26 11:24:52.100,entering
517,2017-06-26 12:13:41.600,exiting
517,2017-06-26 12:47:42.550,exiting
517,2017-06-26 12:58:13.900,exiting
517,2017-06-26 12:58:40.850,entering
517,2017-06-26 15:09:15.650,exiting
517,2017-06-26 15:10:07.250,entering
517,2017-06-26 16:37:08.150,entering
517,2017-06-26 16:44:30.100,exiting
517,2017-06-26 16:47:24.150,entering
517,2017-06-27 09:10:37.000,exiting
517,2017-06-27 09:11:18.850,entering
517,2017-06-27 10:53:04.900,exiting
517,2017-06-27 11:24:56.550,entering
517,2017-06-27 11:29:18.300,exiting
517,2017-06-27 11:47:01.400,entering
517,2017-06-27 12:03:55.550,exiting
517,2017-06-27 12:20:44.600,entering
517,2017-06-27 12:55:34.150,exiting
517,2017-06-27 13:55:17.750,entering
517,2017-06-27 15:19:22.400,exiting
517,2017-06-27 15:33:49.150,entering
517,2017-06-28 13:28:48.850,entering
517,2017-06-28 13:39:06.050,entering
517,2017-06-28 13:48:22.450,entering
517,2017-06-28 14:15:53.900,entering
517,2017-06-28 16:29:25.350,entering
517,2017-06-28 17:16:36.750,exiting
1607,2017-06-21 13:25:57.000,entering
1607,2017-06-21 13:27:08.800,entering
1607,2017-06-21 13:42:06.850,entering
1607,2017-06-21 13:46:54.050,exiting
1607,2017-06-21 13:48:40.350,exiting
1607,2017-06-21 13:50:46.650,exiting
1607,2017-06-21 13:51:45.650,exiting
1607,2017-06-21 13:52:07.050,entering
1607,2017-06-21 13:56:06.400,exiting
1607,2017-06-21 13:56:36.250,entering
1607,2017-06-21 13:58:00.400,exiting
1607,2017-06-21 13:58:44.000,exiting
1607,2017-06-21 14:00:05.550,entering
1607,2017-06-21 14:02:01.450,unknown
1607,2017-06-21 14:12:51.950,exiting
1607,2017-06-21 14:13:31.300,entering
1607,2017-06-21 14:43:54.600,exiting
1607,2017-06-21 14:44:16.750,entering
1607,2017-06-21 14:46:05.300,unknown
1607,2017-06-21 14:46:32.650,exiting
1607,2017-06-21 14:47:15.800,exiting
1607,2017-06-21 14:48:47.300,exiting
1607,2017-06-21 14:50:20.400,entering
1607,2017-06-21 14:51:18.350,entering
1607,2017-06-21 14:51:58.350,exiting
1607,2017-06-21 14:52:27.200,unknown
1607,2017-06-21 14:53:37.900,exiting
1607,2017-06-21 14:54:41.400,exiting
1607,2017-06-21 14:55:05.250,exiting
1607,2017-06-21 14:56:01.050,entering
1607,2017-06-21 14:59:07.100,exiting
1607,2017-06-21 15:01:08.350,entering
1607,2017-06-21 15:02:26.500,exiting
1607,2017-06-21 15:07:34.400,entering
1607,2017-06-21 15:08:23.450,exiting
1607,2017-06-21 15:09:40.450,exiting
1607,2017-06-21 15:14:30.800,exiting
1607,2017-06-21 15:17:49.150,entering
1607,2017-06-21 16:15:15.250,entering
1607,2017-06-21 16:16:19.800,unknown
1607,2017-06-21 16:17:50.450,exiting
1607,2017-06-21 16:18:19.000,entering
1607,2017-06-21 16:22:53.400,exiting
1607,2017-06-21 16:23:32.250,exiting
1607,2017-06-21 16:24:19.650,entering
1607,2017-06-21 16:26:25.550,entering
1607,2017-06-21 16:48:17.200,entering
1607,2017-06-21 16:54:38.600,unknown
1607,2017-06-21 16:56:43.000,exiting
1607,2017-06-21 16:57:47.250,exiting
1607,2017-06-21 16:59:49.400,exiting
1607,2017-06-21 17:00:48.050,entering
1607,2017-06-21 17:01:26.050,exiting
1607,2017-06-21 17:04:56.100,exiting
1607,2017-06-21 17:08:50.600,exiting
1607,2017-06-21 17:09:44.000,entering
1607,2017-06-21 17:12:20.600,exiting
1607,2017-06-21 17:13:00.550,entering
1607,2017-06-22 08:23:45.650,exiting
1607,2017-06-22 08:34:30.400,entering
1607,2017-06-22 17:18:18.500,exiting
1607,2017-06-22 17:24:55.250,exiting
1607,2017-06-22 17:29:08.750,exiting
1607,2017-06-22 17:31:59.300,exiting
1607,2017-06-22 17:32:39.350,exiting
1607,2017-06-22 17:33:52.650,exiting
1607,2017-06-22 17:35:32.200,exiting
1607,2017-06-22 17:36:22.450,exiting
1607,2017-06-22 17:59:04.900,entering
1607,2017-06-23 11:15:06.350,entering
1607,2017-06-23 11:16:04.150,entering
1607,2017-06-23 11:16:50.350,unknown
1607,2017-06-23 11:19:24.400,entering
1607,2017-06-23 11:19:55.950,entering
1607,2017-06-23 11:21:32.550,exiting
1607,2017-06-23 11:23:53.300,entering
1607,2017-06-23 11:27:02.750,entering
1607,2017-06-23 11:29:22.350,entering
1607,2017-06-23 11:34:41.450,entering
1607,2017-06-23 11:36:42.500,exiting
1607,2017-06-23 11:41:47.800,entering
1607,2017-06-23 11:43:27.850,exiting
1607,2017-06-23 11:44:22.450,unknown
1607,2017-06-23 11:50:54.950,exiting
1607,2017-06-23 11:53:22.950,exiting
1607,2017-06-23 11:54:11.750,exiting
1607,2017-06-23 11:57:41.400,exiting
1607,2017-06-23 11:59:40.600,entering
1607,2017-06-23 12:02:15.750,exiting
1607,2017-06-23 12:03:13.800,entering
1607,2017-06-23 16:09:53.050,exiting
1607,2017-06-23 16:18:58.350,entering
1607,2017-06-23 16:33:12.300,exiting
1607,2017-06-23 16:49:51.900,entering
1607,2017-06-23 17:01:07.700,entering
1607,2017-06-23 17:26:43.150,entering
1607,2017-06-23 17:30:29.150,exiting
1607,2017-06-23 17:59:08.700,entering
1607,2017-06-24 08:01:30.800,entering
1607,2017-06-24 16:02:15.650,unknown
1607,2017-06-24 16:02:56.000,entering
1607,2017-06-24 16:11:40.200,entering
1607,2017-06-24 16:34:55.650,exiting
1607,2017-06-24 16:35:59.000,exiting
1607,2017-06-24 16:36:35.300,entering
1607,2017-06-24 16:39:47.750,entering
1607,2017-06-24 17:17:14.100,entering
1607,2017-06-24 17:18:21.600,exiting
1607,2017-06-24 17:19:18.600,exiting
1607,2017-06-24 17:33:22.900,entering
1607,2017-06-25 08:07:29.150,exiting
1607,2017-06-25 08:22:48.950,entering
1607,2017-06-25 08:57:36.600,entering
1607,2017-06-25 10:24:11.200,exiting
1607,2017-06-25 10:28:08.050,exiting
1607,2017-06-25 10:31:28.800,entering
1607,2017-06-25 10:31:57.150,exiting
1607,2017-06-25 10:33:03.200,entering
1607,2017-06-25 10:34:53.700,exiting
1607,2017-06-25 10:35:23.100,entering
1607,2017-06-25 14:36:58.800,exiting
1607,2017-06-25 14:37:57.800,entering
1607,2017-06-25 17:37:58.000,entering
1607,2017-06-25 17:40:07.050,exiting
1607,2017-06-26 11:50:27.400,entering
1607,2017-06-26 11:52:02.200,exiting
1607,2017-06-26 11:52:22.950,entering
1607,2017-06-26 11:53:06.800,entering
1607,2017-06-26 11:57:01.750,entering
1607,2017-06-26 11:59:53.700,entering
1607,2017-06-26 12:01:07.800,entering
1607,2017-06-26 12:01:51.900,entering
1607,2017-06-26 13:14:14.000,exiting
1607,2017-06-26 13:17:55.850,entering
1607,2017-06-26 14:57:38.850,exiting
1607,2017-06-26 14:58:36.100,entering
1607,2017-06-26 15:08:02.800,exiting
1607,2017-06-26 15:10:11.250,entering
1607,2017-06-26 15:12:15.400,entering
1607,2017-06-26 16:06:16.650,unknown
1607,2017-06-26 16:07:05.250,exiting
1607,2017-06-26 16:10:05.100,exiting
1607,2017-06-26 16:11:12.200,entering
1607,2017-06-26 16:11:45.850,exiting
1607,2017-06-26 16:12:22.000,exiting
1607,2017-06-26 16:13:41.550,unknown
1607,2017-06-26 16:17:05.550,exiting
1607,2017-06-26 16:18:05.500,exiting
1607,2017-06-26 16:19:02.600,entering
1607,2017-06-26 16:52:30.350,entering
1607,2017-06-26 16:52:47.700,entering
1607,2017-06-26 16:54:12.350,exiting
1607,2017-06-26 16:55:32.450,entering
1607,2017-06-26 16:55:53.600,exiting
1607,2017-06-26 16:56:46.550,entering
1607,2017-06-26 17:04:27.100,entering
1607,2017-06-26 17:05:43.850,exiting
1607,2017-06-26 17:06:00.700,entering
1607,2017-06-26 17:07:25.900,exiting
1607,2017-06-26 17:11:45.850,entering
1607,2017-06-26 17:13:20.150,entering
1607,2017-06-26 17:17:18.200,entering
1607,2017-06-26 17:18:39.500,entering
1607,2017-06-26 17:19:15.700,exiting
1607,2017-06-26 17:19:41.300,entering
1607,2017-06-26 17:20:08.800,exiting
1607,2017-06-26 17:20:52.700,entering
1607,2017-06-26 17:24:49.150,exiting
1607,2017-06-26 17:51:42.700,entering
1607,2017-06-26 17:57:41.400,exiting
1607,2017-06-27 08:04:20.250,entering
1607,2017-06-27 08:10:09.050,exiting
1607,2017-06-27 08:22:39.550,entering
1607,2017-06-27 09:05:54.000,entering
1607,2017-06-27 09:52:56.700,entering
1607,2017-06-27 09:53:49.600,exiting
1607,2017-06-27 09:55:55.400,entering
1607,2017-06-27 10:03:27.900,exiting
1607,2017-06-27 10:06:32.800,entering
1607,2017-06-27 10:18:17.100,entering
1607,2017-06-27 10:19:44.750,exiting
1607,2017-06-27 10:21:19.550,exiting
1607,2017-06-27 10:21:49.850,entering
1607,2017-06-27 10:35:55.950,exiting
1607,2017-06-27 10:38:41.650,entering
1607,2017-06-27 10:47:38.200,entering
1607,2017-06-27 10:51:04.400,entering
1607,2017-06-27 10:51:55.000,entering
1607,2017-06-27 13:13:52.300,entering
1607,2017-06-27 13:14:28.800,exiting
1607,2017-06-27 13:15:34.200,entering
1607,2017-06-27 15:53:23.200,entering
1607,2017-06-27 15:54:02.400,exiting
1607,2017-06-27 15:55:12.200,entering
1607,2017-06-27 15:56:55.700,entering
1607,2017-06-27 15:57:46.750,entering
1607,2017-06-27 15:58:13.050,entering
1607,2017-06-27 15:58:42.900,exiting
1607,2017-06-27 15:59:41.550,entering
1607,2017-06-27 16:01:24.200,entering
1607,2017-06-27 16:02:02.350,entering
1607,2017-06-27 16:02:40.300,entering
1607,2017-06-27 16:03:22.700,entering
1607,2017-06-27 16:07:11.100,entering
1607,2017-06-28 08:08:35.150,entering
1607,2017-06-28 09:56:08.550,exiting
1607,2017-06-28 09:57:13.800,entering
1607,2017-06-28 09:59:40.750,entering
1607,2017-06-28 10:07:14.750,entering
1607,2017-06-28 10:09:58.600,entering
1607,2017-06-28 10:12:52.400,exiting
1607,2017-06-28 10:13:39.250,entering
1607,2017-06-28 10:14:50.800,exiting
1607,2017-06-28 10:15:39.500,entering
1607,2017-06-28 10:16:19.100,entering
1607,2017-06-28 10:16:55.500,exiting
1607,2017-06-28 10:17:36.800,exiting
1607,2017-06-28 10:18:28.400,entering
1607,2017-06-28 10:18:49.050,exiting
1607,2017-06-28 10:20:12.250,entering
1607,2017-06-28 10:26:37.350,entering
1607,2017-06-28 10:28:18.150,entering
1607,2017-06-28 10:30:29.150,entering
1607,2017-06-28 10:33:14.750,exiting
1607,2017-06-28 10:34:21.450,unknown
1607,2017-06-28 10:36:06.700,exiting
1607,2017-06-28 10:37:33.200,exiting
1607,2017-06-28 10:38:18.500,exiting
1607,2017-06-28 10:40:18.800,unknown
1607,2017-06-28 10:40:42.450,entering
1607,2017-06-28 10:42:21.950,exiting
1607,2017-06-28 10:44:42.650,entering
1607,2017-06-28 10:45:28.150,exiting
1607,2017-06-28 10:46:16.050,entering
1607,2017-06-28 10:47:52.250,entering
1607,2017-06-28 10:49:29.750,exiting
1607,2017-06-28 10:51:25.800,entering
1607,2017-06-28 10:52:17.800,entering
1607,2017-06-28 10:54:07.300,entering
1607,2017-06-28 10:54:55.250,exiting
1607,2017-06-28 10:55:37.250,entering
1607,2017-06-28 10:58:49.900,exiting
1607,2017-06-28 11:01:01.400,entering
1607,2017-06-28 11:02:08.850,entering
1607,2017-06-28 11:03:13.300,entering
1607,2017-06-28 11:03:45.450,exiting
1607,2017-06-28 11:04:20.850,entering
1607,2017-06-28 11:04:46.950,entering
1607,2017-06-28 11:05:09.150,entering
1607,2017-06-28 11:07:15.650,entering
1607,2017-06-28 11:08:52.100,entering
1607,2017-06-28 11:09:16.050,exiting
1607,2017-06-28 11:10:55.900,entering
1607,2017-06-28 11:15:01.350,exiting
1607,2017-06-28 11:15:43.500,entering
1607,2017-06-28 11:18:36.650,exiting
1607,2017-06-28 11:19:17.650,exiting
1607,2017-06-28 11:23:07.700,entering
1607,2017-06-28 11:24:56.250,exiting
1607,2017-06-28 11:25:49.850,entering
1607,2017-06-28 11:27:10.100,entering
1607,2017-06-28 11:42:20.650,entering
1607,2017-06-28 13:08:10.600,entering
1607,2017-06-28 14:14:49.600,exiting
1607,2017-06-28 14:15:41.050,entering
1607,2017-06-28 14:19:45.850,entering
1607,2017-06-28 14:20:43.100,entering
1607,2017-06-28 14:57:00.250,unknown
1607,2017-06-28 14:57:45.900,exiting
1607,2017-06-28 14:58:28.550,entering
1607,2017-06-28 16:08:22.300,entering
1607,2017-06-28 16:09:03.000,entering
1607,2017-06-28 16:41:53.350,entering
1607,2017-06-28 17:04:29.250,exiting
1979,2017-06-21 13:57:46.850,exiting
1979,2017-06-21 13:59:53.050,entering
1979,2017-06-21 15:02:15.150,unknown
1979,2017-06-21 16:48:22.000,entering
1780,2017-06-21 14:16:15.400,exiting
1780,2017-06-21 14:17:14.900,entering
1780,2017-06-22 08:16:23.350,exiting
1780,2017-06-22 08:17:16.500,entering
1780,2017-06-22 14:21:59.900,exiting
1780,2017-06-22 14:22:40.200,entering
1780,2017-06-23 09:05:15.250,exiting
1780,2017-06-23 09:06:10.450,entering
1780,2017-06-23 15:16:06.700,entering
1780,2017-06-23 15:52:23.250,exiting
1780,2017-06-23 15:52:58.650,entering
1780,2017-06-24 08:58:27.350,entering
1780,2017-06-24 13:23:43.800,exiting
1780,2017-06-24 13:26:25.100,entering
1780,2017-06-26 08:53:14.000,exiting
1780,2017-06-26 08:53:54.050,entering
1780,2017-06-26 08:59:48.250,exiting
1780,2017-06-26 09:07:45.800,entering
1780,2017-06-26 09:59:16.950,exiting
1780,2017-06-26 10:19:01.300,entering
1780,2017-06-26 10:53:27.500,exiting
1780,2017-06-26 11:09:13.500,entering
1780,2017-06-26 11:50:46.700,exiting
1780,2017-06-26 11:59:52.600,entering
1780,2017-06-26 12:26:23.300,entering
1780,2017-06-26 12:27:25.900,exiting
1780,2017-06-26 12:28:21.800,entering
1780,2017-06-26 12:41:59.800,entering
1780,2017-06-26 13:38:50.850,entering
1780,2017-06-26 13:53:55.650,exiting
1780,2017-06-26 13:55:05.050,entering
1780,2017-06-26 16:30:45.250,entering
1780,2017-06-26 16:31:25.750,exiting
1780,2017-06-26 16:32:40.650,unknown
1780,2017-06-26 16:33:37.100,exiting
1780,2017-06-26 16:34:06.350,entering
1780,2017-06-26 16:51:54.400,entering
1780,2017-06-26 16:52:31.150,exiting
1780,2017-06-26 16:56:08.750,entering
1780,2017-06-26 16:58:17.700,exiting
1780,2017-06-26 17:00:03.700,entering
1780,2017-06-26 17:00:31.150,exiting
1780,2017-06-26 17:02:29.300,exiting
1780,2017-06-26 17:04:08.250,exiting
1780,2017-06-26 17:05:50.850,entering
1780,2017-06-26 17:12:09.100,entering
1780,2017-06-26 17:13:06.900,exiting
1780,2017-06-26 17:14:12.100,entering
1780,2017-06-27 08:59:14.250,exiting
1780,2017-06-27 09:07:51.100,entering
1780,2017-06-27 09:11:19.600,exiting
1780,2017-06-27 09:41:43.650,exiting
1780,2017-06-27 10:51:33.000,entering
1780,2017-06-27 11:59:47.150,exiting
1780,2017-06-27 12:46:56.400,entering
1780,2017-06-28 08:59:57.800,exiting
1780,2017-06-28 10:30:51.100,unknown
1780,2017-06-28 10:37:15.950,exiting
1780,2017-06-28 10:56:53.550,entering
1780,2017-06-28 11:00:50.550,exiting
1780,2017-06-28 11:01:23.050,entering
1780,2017-06-28 12:09:29.400,exiting
1722,2017-06-21 15:19:24.150,exiting
1722,2017-06-21 16:16:36.800,entering
1722,2017-06-22 09:20:24.100,exiting
1722,2017-06-22 11:08:12.400,exiting
1722,2017-06-22 12:32:13.500,entering
1722,2017-06-22 13:10:47.600,exiting
1722,2017-06-22 13:47:53.000,entering
1722,2017-06-22 14:26:47.250,exiting
1722,2017-06-22 15:15:44.650,entering
1722,2017-06-22 17:16:24.200,entering
1722,2017-06-23 10:21:57.950,entering
1722,2017-06-23 16:47:13.150,exiting
1722,2017-06-24 09:40:33.600,entering
1722,2017-06-24 10:25:27.750,entering
1722,2017-06-24 10:57:44.000,exiting
1722,2017-06-24 11:51:42.400,entering
1722,2017-06-24 14:15:49.900,exiting
1722,2017-06-24 15:00:57.300,entering
1722,2017-06-24 16:25:12.000,exiting
1722,2017-06-24 16:27:02.450,exiting
1722,2017-06-25 10:17:53.550,entering
1722,2017-06-25 10:34:31.200,exiting
1722,2017-06-25 14:28:39.000,entering
1722,2017-06-25 16:28:22.600,entering
1722,2017-06-25 17:42:47.600,entering
1722,2017-06-26 08:35:34.350,exiting
1722,2017-06-26 09:57:58.350,entering
1722,2017-06-26 10:03:22.800,exiting
1722,2017-06-26 15:01:19.050,exiting
1722,2017-06-26 17:14:42.450,exiting
1722,2017-06-27 08:30:54.650,exiting
1722,2017-06-27 09:26:19.150,entering
1722,2017-06-27 09:28:54.200,exiting
1722,2017-06-27 10:14:09.200,exiting
1722,2017-06-27 11:24:16.750,entering
1722,2017-06-27 11:26:43.150,exiting
1722,2017-06-27 12:57:40.950,entering
1722,2017-06-27 15:23:12.400,exiting
1722,2017-06-27 15:33:58.100,entering
1722,2017-06-27 16:41:48.800,entering
1722,2017-06-28 08:18:23.800,exiting
1722,2017-06-28 10:42:54.450,exiting
1722,2017-06-28 11:57:54.600,exiting
661,2017-06-22 08:01:42.500,entering
661,2017-06-22 08:02:51.400,exiting
661,2017-06-22 13:57:57.750,exiting
661,2017-06-22 16:13:57.100,entering
661,2017-06-22 17:09:09.400,entering
2258,2017-06-22 11:49:11.800,entering
2258,2017-06-22 12:07:42.850,exiting
2258,2017-06-22 16:14:06.800,entering
2258,2017-06-24 11:52:28.750,entering
